{"name":"t:sections.header.name","type":"header","sections":{"announcement-bar":{"type":"announcement-bar","blocks":{"announcement-bar-0":{"type":"announcement","settings":{"text":"Welcome to our store","link":""}}},"block_order":["announcement-bar-0"],"settings":{"auto_rotate":false,"change_slides_speed":5,"color_scheme":"scheme-1","show_line_separator":true,"show_social":false,"enable_country_selector":false,"enable_language_selector":false}},"header":{"type":"header","settings":{"logo_position":"middle-left","mobile_logo_position":"center","menu":"main-menu","menu_type_desktop":"dropdown","sticky_header_type":"on-scroll-up","show_line_separator":true,"color_scheme":"scheme-1","menu_color_scheme":"scheme-1","enable_country_selector":true,"enable_language_selector":true,"enable_customer_avatar":true,"margin_bottom":0,"padding_top":20,"padding_bottom":20}},"qflex_home_p4hPxy":{"type":"qflex-home","name":"QFlex Home","settings":{"hero_image":"shopify:\/\/shop_images\/9_4eed815f-3937-43a1-aa33-82a0bf8a3810.png","hero_image_alt":"This is a placeholder","hero_title":"This is a placeholder","hero_subtitle":"This is a placeholder","hero_cta_text":"Buy now!","hero_cta_link":"shopify:\/\/products\/q-flex","hero_cta2_text":"Or this","hero_cta2_link":"shopify:\/\/products\/q-flex"}}},"order":["announcement-bar","header","qflex_home_p4hPxy"]}